name,shelter_type,area_m2,estimated_capacity,lat,lon,centroid,nearby_population_density,nearby_population_estimate,estimated_coverage_ratio,Distance_to_Roads,Distance_to_Faults,Population_Density,LandUse_Score,Distance_to_Roads_norm,Distance_to_Faults_norm,Population_Density_norm,LandUse_Score_norm,Distance_to_Roads_w,Distance_to_Faults_w,Population_Density_w,LandUse_Score_w,score,rank
Park_001,public_park,109078.23817935666,31165,38.80127342596451,38.73584571966601,POINT (38.73584571966601 38.80127342596451),0.0,0.0,<NA>,5.558886942100477,53549.24009940486,9500,0.1,0.03410058897726351,0.9999999999999791,0.9999999999998794,0.0,0.01902471859041531,0.2632999999999945,0.1218999999999853,0.0,0.4042247185903951,7
Park_002,public_park,22967.382680530543,6562,38.660541881437766,39.16166647706576,POINT (39.16166647706576 38.660541881437766),0.0,0.0,<NA>,4.714176856960185,24814.155027683908,9500,0.2,0.028918776193815516,0.3993706252989655,0.9999999999998794,0.9999999900000001,0.016133785238529676,0.1051542856412176,0.1218999999999853,0.056899999431,0.3000880703107326,38
Park_003,public_park,19993.421787934756,5712,38.679728182865034,39.20207009328602,POINT (39.20207009328602 38.679728182865034),0.0,0.0,<NA>,98.68762935782371,25384.809202477707,9500,0.2,0.6053921083345613,0.4112986101760395,0.9999999999998794,0.9999999900000001,0.3377482572398517,0.10829492405935119,0.1218999999999853,0.056899999431,0.6248431807301882,3
Park_004,public_park,281910.8430518559,80545,38.671074023037164,39.20367360529358,POINT (39.20367360529358 38.671074023037164),0.0,0.0,<NA>,1.7215865597180022,24327.683417852124,9500,0.2,0.010560947951127367,0.3892022496670934,0.9999999999998794,0.9999999900000001,0.005891952861933958,0.10247695233734568,0.1218999999999853,0.056899999431,0.28716890463026495,110
Park_005,public_park,17074.496201470756,4878,38.67347463973964,39.16400413528419,POINT (39.16400413528419 38.67347463973964),0.0,0.0,<NA>,2.824887227572055,26028.11577659956,9500,0.2,0.017329065918753293,0.4247451973147745,0.9999999999998794,0.9999999900000001,0.009667885876072462,0.11183541045298012,0.1218999999999853,0.056899999431,0.3003032957600379,36
Park_006,public_park,2811.2664787584577,803,38.67029830899912,39.23547781813329,POINT (39.23547781813329 38.67029830899912),0.0,0.0,<NA>,2.0324134901503075,23326.637730211394,9500,0.2,0.012467693223721711,0.36827809218107593,0.9999999999998794,0.9999999900000001,0.006955726049514342,0.09696762167127729,0.1218999999999853,0.056899999431,0.28272334715177694,118
Park_007,public_park,7039.248527852205,2011,38.68264334643408,39.25159474215923,POINT (39.25159474215923 38.68264334643408),0.0,0.0,<NA>,3.5008812369671207,24018.94724663746,1200,0.2,0.02147590216593252,0.3827489535309792,0.0,0.9999999900000001,0.011981405818373751,0.10077779946470682,0.0,0.056899999431,0.16965920471408055,146
Park_008,public_park,8604.732213729261,2458,38.65797186310425,39.16564821818316,POINT (39.16564821818316 38.65797186310425),0.0,0.0,<NA>,2.664181898543498,24447.154977529495,9500,0.2,0.016343230727511215,0.39169948007391037,0.9999999999998794,0.9999999900000001,0.009117888422878506,0.10313447310346059,0.1218999999999853,0.056899999431,0.2910523609573244,94
Park_009,public_park,8451.184334834485,2414,38.68362026062413,39.27031646670675,POINT (39.27031646670675 38.68362026062413),0.0,0.0,<NA>,3.9278753703389597,23479.692122511868,9500,0.2,0.024095266723887353,0.3714772810372505,0.9999999999998794,0.9999999900000001,0.013442749305256753,0.09780996809710804,0.1218999999999853,0.056899999431,0.2900527168333501,102
Park_010,public_park,5142.2028915255605,1469,38.68179453905591,39.25788360155575,POINT (39.25788360155575 38.68179453905591),0.0,0.0,<NA>,2.9563203873097015,23720.73255376099,1200,0.2,0.01813533310944794,0.37651558049373274,0.0,0.9999999900000001,0.010117702341761004,0.09913655234399982,0.0,0.056899999431,0.16615425411676082,151
Park_011,public_park,12118.808910336338,3462,38.654833640403524,39.14012989108427,POINT (39.14012989108427 38.654833640403524),0.0,0.0,<NA>,5.768555969794095,24967.53568547095,9500,0.2,0.03538678842854087,0.40257663385428816,0.9999999999998794,0.9999999900000001,0.01974228926428295,0.10599842769383407,0.1218999999999853,0.056899999431,0.3045407163891023,21
Park_012,public_park,4532.581958011672,1295,38.683539894595285,39.21517978476515,POINT (39.21517978476515 38.683539894595285),0.0,0.0,<NA>,3.5991162260964717,25330.22643989535,9500,0.2,0.02207851758559784,0.41015770488630504,0.9999999999998794,0.9999999900000001,0.012317604961005034,0.10799452369656411,0.1218999999999853,0.056899999431,0.2991121280885544,45
Park_013,public_park,7498.443679734935,2142,38.68270700045715,39.25837461027647,POINT (39.25837461027647 38.68270700045715),0.0,0.0,<NA>,4.4795266371041516,23824.699230503917,9500,0.2,0.027479331430128418,0.37868872318274815,0.9999999999998794,0.9999999900000001,0.015330719004868643,0.09970874081401758,0.1218999999999853,0.056899999431,0.29383945924987154,75
Park_014,public_park,16045.449948086738,4584,38.68357052587125,39.260999419393784,POINT (39.260999419393784 38.68357052587125),0.0,0.0,<NA>,3.7167427571985274,23753.26326880871,9500,0.2,0.02280008901378322,0.37719554726567445,0.9999999999998794,0.9999999900000001,0.012720169660789657,0.09931558759505207,0.1218999999999853,0.056899999431,0.29083575668682704,96
Park_015,public_park,9446.7329567167,2699,38.669179911626706,39.192087940826866,POINT (39.192087940826866 38.669179911626706),9500.0,93.6958451817441,28.80597314389645,3.4052986527163243,24655.766611882646,9500,0.2,0.020889557731719313,0.39605994308225545,0.9999999999998794,0.9999999900000001,0.011654284258526203,0.10428258301355785,0.1218999999999853,0.056899999431,0.29473686670306937,67
Park_016,public_park,649.8816397999278,185,38.95470353841709,40.03793558784272,POINT (40.03793558784272 38.95470353841709),9500.0,34442.41898029887,0.0053712835938097255,11.396167192416701,23315.525976566638,9500,0.2,0.0699089615227783,0.3680458309705445,0.9999999999998794,0.9999999900000001,0.03900220963355801,0.09690646729454436,0.1218999999999853,0.056899999431,0.31470867635908767,9
Park_017,public_park,7303.227591447276,2086,38.72516884496265,39.876415861852216,POINT (39.876415861852216 38.72516884496265),0.0,0.0,<NA>,3.7290799936058274,5840.109722700748,9500,0.2,0.02287577089618569,0.002769434154546579,0.9999999999998794,0.9999999900000001,0.012762392582981995,0.0007291920128921142,0.1218999999999853,0.056899999431,0.1922915840268594,134
Park_018,public_park,1753.0599761593787,500,38.66994680469168,39.21991145680413,POINT (39.21991145680413 38.66994680469168),0.0,0.0,<NA>,3.230965342820476,23828.43847745067,9500,0.2,0.019820122679752257,0.3787668820449848,0.9999999999998794,0.9999999900000001,0.011057646443033782,0.09972932004244449,0.1218999999999853,0.056899999431,0.28958696591646355,104
Park_019,public_park,3739.9543353960576,1068,38.68804401566972,39.25468798538452,POINT (39.25468798538452 38.68804401566972),0.0,0.0,<NA>,4.74408889323648,24455.107134882513,9500,0.2,0.02910226941200022,0.39186569845421254,0.9999999999998794,0.9999999900000001,0.01623615610495492,0.10317823840299416,0.1218999999999853,0.056899999431,0.2982143939389344,49
Park_020,public_park,652.1751502328118,186,38.64652865432216,39.12643566183013,POINT (39.12643566183013 38.64652865432216),0.0,0.0,<NA>,3.068612369921311,24640.854562356413,9500,0.2,0.018824180136625217,0.3957482469463263,0.9999999999998794,0.9999999900000001,0.010502010098223208,0.10420051342096771,0.1218999999999853,0.056899999431,0.2935025229501762,80
Park_021,public_park,5424.566994084674,1549,38.6659083161666,39.194343196985315,POINT (39.194343196985315 38.6659083161666),0.0,0.0,<NA>,4.360851630087914,24283.929430254077,9500,0.2,0.026751328202452514,0.38828769068297697,0.9999999999998794,0.9999999900000001,0.014924566004148257,0.10223614895682782,0.1218999999999853,0.056899999431,0.29596071439196137,58
Park_022,public_park,12357.936983702872,3530,38.6744092114032,39.20325788024968,POINT (39.20325788024968 38.6744092114032),0.0,0.0,<NA>,6.914093986278753,24835.208803853195,9500,0.2,0.04241400834951529,0.3998106976489896,0.9999999999998794,0.9999999900000001,0.023662775258194577,0.10527015669097894,0.1218999999999853,0.056899999431,0.3077329313801588,16
Park_023,public_park,6200.058784496042,1771,38.71985388760313,39.86528101683617,POINT (39.86528101683617 38.71985388760313),0.0,0.0,<NA>,6.171669997143781,5707.615493508179,9500,0.2,0.037859662207194625,0.0,0.9999999999998794,0.9999999900000001,0.02112190554539388,0.0,0.1218999999999853,0.056899999431,0.19992190497637918,132
Park_024,public_park,10852.250569085858,3100,38.66801468728114,39.16656752807037,POINT (39.16656752807037 38.66801468728114),0.0,0.0,<NA>,4.359536833167173,25421.138589487204,9500,0.2,0.02674326267605312,0.4120579779297219,0.9999999999998794,0.9999999900000001,0.014920066246970034,0.10849486558889576,0.1218999999999853,0.056899999431,0.3022149312668511,28
Park_025,public_park,7584.612804171609,2167,38.66960386228025,39.169111971613454,POINT (39.169111971613454 38.66960386228025),0.0,0.0,<NA>,3.5548072975744365,25492.572337369817,9500,0.2,0.021806707675576187,0.41355110757302016,0.9999999999998794,0.9999999900000001,0.012165962212203953,0.1088880066239762,0.1218999999999853,0.056899999431,0.2998539682671654,42
Park_026,public_park,2072.515211587572,592,38.671504000074556,39.17075463020564,POINT (39.17075463020564 38.671504000074556),0.0,0.0,<NA>,3.5333039530007273,25665.550094707185,9500,0.2,0.02167479696708686,0.4171667405863699,0.9999999999998794,0.9999999900000001,0.01209236922793776,0.10984000279639118,0.1218999999999853,0.056899999431,0.30073237145531423,33
Park_027,public_park,2510.3055922972403,717,38.67173624917306,39.169754507607216,POINT (39.169754507607216 38.67173624917306),0.0,0.0,<NA>,0.0,25692.215312519882,9500,0.2,0.0,0.41772410497422996,0.9999999999998794,0.9999999900000001,0.0,0.10998675683971473,0.1218999999999853,0.056899999431,0.28878675627070005,106
Park_028,public_park,2916.264795563632,833,38.67226836231052,39.17406877075121,POINT (39.17406877075121 38.67226836231052),0.0,0.0,<NA>,2.6825158444504202,25572.55732773791,9500,0.2,0.016455698989631888,0.4152229778539101,0.9999999999998794,0.9999999900000001,0.00918063446631563,0.10932821006893452,0.1218999999999853,0.056899999431,0.29730884396623547,52
Park_029,public_park,15695.378081228178,4484,38.67831429771685,39.189175865796216,POINT (39.189175865796216 38.67831429771685),0.0,0.0,<NA>,10.78070071851046,25681.665929790277,9500,0.1,0.0661334270543561,0.41750359860939584,0.9999999999998794,0.0,0.03689583895362526,0.10992869751385391,0.1218999999999853,0.0,0.26872453646746447,120
Park_030,public_park,13926.771556936477,3979,38.67687769434298,39.24839332876157,POINT (39.24839332876157 38.67687769434298),0.0,0.0,<NA>,5.485794308356623,23462.80060440643,9500,0.2,0.03365220751411704,0.37112420945482444,0.9999999999998794,0.9999999900000001,0.018774566572125895,0.09771700434945527,0.1218999999999853,0.056899999431,0.2952915703525665,65
Park_031,public_park,3405.189665458075,972,38.6753882016794,39.251686972634516,POINT (39.251686972634516 38.6753882016794),0.0,0.0,<NA>,6.617647485658208,23292.80882364403,9500,0.2,0.040595478781150024,0.3675709902202618,0.9999999999998794,0.9999999900000001,0.022648217612003595,0.09678144172499492,0.1218999999999853,0.056899999431,0.2982296587679838,48
Park_032,public_park,3204.564350159119,915,38.66468240707653,39.186803416094065,POINT (39.186803416094065 38.66468240707653),0.0,0.0,<NA>,4.863187091894377,24398.765932540657,1200,0.2,0.029832868678124316,0.39068803772872557,0.0,0.9999999900000001,0.016643757435525555,0.10286816033397343,0.0,0.056899999431,0.17641191720049898,139
Park_033,public_park,11451.527064565693,3271,38.66374217742121,39.172624988725,POINT (39.172624988725 38.66374217742121),0.0,0.0,<NA>,5.135260242477348,24798.656229624725,1200,0.2,0.03150188169753163,0.39904666476905337,0.0,0.9999999900000001,0.017574899799052895,0.10506898683369174,0.0,0.056899999431,0.17954388606374463,136
Park_034,public_park,30363.211727968817,8675,38.66114912196058,39.16661292255687,POINT (39.16661292255687 38.66114912196058),0.0,0.0,<NA>,4.605166684558397,24706.426281797394,9500,0.2,0.028250061193468814,0.3971188467113037,0.9999999999998794,0.9999999900000001,0.01576070913983625,0.10456139233908626,0.1218999999999853,0.056899999431,0.2991221009099078,44
Park_035,public_park,3236.8869370606617,924,38.662057051152416,39.17755691160103,POINT (39.17755691160103 38.662057051152416),0.0,0.0,<NA>,5.005937801627277,24444.35211626177,9500,0.2,0.030708562558844774,0.39164089382624806,0.9999999999998794,0.9999999900000001,0.017132307051579497,0.10311904734445111,0.1218999999999853,0.056899999431,0.2990513538270159,46
Park_036,public_park,3107.5160856535267,887,38.66276928424821,39.17744562468001,POINT (39.17744562468001 38.66276928424821),0.0,0.0,<NA>,7.208083635316251,24534.23466434733,9500,0.2,0.044217466539943885,0.3935196458298847,0.9999999999998794,0.9999999900000001,0.024668924582634692,0.10361372274700863,0.1218999999999853,0.056899999431,0.3070826467606286,19
Park_037,public_park,43235.79658119336,12353,38.65633356956104,39.15406080166479,POINT (39.15406080166479 38.65633356956104),0.0,0.0,<NA>,0.0,24639.81309940207,9500,0.2,0.0,0.395726477974998,0.9999999999998794,0.9999999900000001,0.0,0.10419478165081696,0.1218999999999853,0.056899999431,0.28299478108180226,117
Park_038,public_park,2579.4231643324656,736,38.672604440439905,39.171131122270175,POINT (39.171131122270175 38.672604440439905),0.0,0.0,<NA>,4.924945777013995,25740.77880627467,9500,0.2,0.030211722855044223,0.41873919369989165,0.9999999999998794,0.9999999900000001,0.01685512018082917,0.11025402970118146,0.1218999999999853,0.056899999431,0.30590914931299595,20
Park_039,public_park,2756.7755615072165,787,38.667674630459345,39.17825243151953,POINT (39.17825243151953 38.667674630459345),0.0,0.0,<NA>,2.5324695217692774,25004.675530655248,9500,0.2,0.015535250700146417,0.40335294204804706,0.9999999999998794,0.9999999900000001,0.008667116365611686,0.10620282964125079,0.1218999999999853,0.056899999431,0.29366994543784775,78
Park_040,public_park,2840.803212681599,811,38.66761680031827,39.174746700305604,POINT (39.174746700305604 38.66761680031827),0.0,0.0,<NA>,3.5657275152010888,25139.29613705253,9500,0.2,0.021873696958989823,0.4061668223772842,0.9999999999998794,0.9999999900000001,0.012203335533420422,0.10694372433193891,0.1218999999999853,0.056899999431,0.29794705929634463,50
Park_041,public_park,2803.396321877476,800,38.66848963264709,39.1771108314612,POINT (39.1771108314612 38.66848963264709),0.0,0.0,<NA>,4.334232190219537,25134.825534400657,9500,0.2,0.02658803317824871,0.4060733764985395,0.9999999999998794,0.9999999900000001,0.014833463710144955,0.10691912003206544,0.1218999999999853,0.056899999431,0.3005525831731957,35
Park_042,public_park,4944.588825879948,1412,38.66525732893271,39.1761806665603,POINT (39.1761806665603 38.66525732893271),0.0,0.0,<NA>,5.445068155267244,24844.105032866613,9500,0.2,0.03340237588026818,0.3999966492985563,0.9999999999998794,0.9999999900000001,0.018635185503601617,0.10531911776030986,0.1218999999999853,0.056899999431,0.3027543026948968,24
Park_043,public_park,3051.7322855442612,871,38.6614408176524,39.17061637942602,POINT (39.17061637942602 38.6614408176524),9500.0,21.208169202827627,41.069080111067386,5.703828399694697,24639.65981327256,9500,0.2,0.03498972184192982,0.3957232739423011,0.9999999999998794,0.9999999900000001,0.019520765815612646,0.10419393802900788,0.1218999999999853,0.056899999431,0.3025147032756058,27
Park_044,public_park,9398.700255315902,2685,38.66482821507168,39.180719268971025,POINT (39.180719268971025 38.66482821507168),0.0,0.0,<NA>,0.9708863832890618,24611.642614219854,9500,0.2,0.005955832137800616,0.39513765003668544,0.9999999999998794,0.9999999900000001,0.0033227587496789633,0.10403974325465927,0.1218999999999853,0.056899999431,0.2861625014353235,114
Park_045,public_park,2018.1146973582918,576,38.67333895032232,39.17093501752758,POINT (39.17093501752758 38.67333895032232),0.0,0.0,<NA>,3.4064799428644172,25839.629794228505,9500,0.2,0.020896804270499933,0.42080540672606154,0.9999999999998794,0.9999999900000001,0.011658327102511912,0.110798063590972,0.1218999999999853,0.056899999431,0.3012563901244692,31
Park_046,public_park,2223.721165344567,635,38.66555698538214,39.199812672463565,POINT (39.199812672463565 38.66555698538214),0.0,0.0,<NA>,5.6295897115406435,24052.69316748463,9500,0.2,0.03453430999108256,0.38345432089935677,0.9999999999998794,0.9999999900000001,0.01926669154402496,0.10096352269280064,0.1218999999999853,0.056899999431,0.2990302136678109,47
Park_047,public_park,2628.4125030094247,750,38.66554038780054,39.19820173225678,POINT (39.19820173225678 38.66554038780054),0.0,0.0,<NA>,3.0281238203999905,24108.10160116663,9500,0.2,0.01857580606464051,0.3846124846142898,0.9999999999998794,0.9999999900000001,0.010363442203462938,0.1012684671989425,0.1218999999999853,0.056899999431,0.29043190883339076,99
Park_048,public_park,1565.8515851962084,447,38.66516691319387,39.203675172424724,POINT (39.203675172424724 38.66516691319387),0.0,0.0,<NA>,2.3550286949191364,23892.527760475798,9500,0.2,0.014446752810690137,0.3801064954789573,0.9999999999998794,0.9999999900000001,0.008059843393084026,0.10008204025960946,0.1218999999999853,0.056899999431,0.2869418830836788,111
Park_049,public_park,1816.7356349165973,519,38.6698708140741,39.1764273142669,POINT (39.1764273142669 38.6698708140741),0.0,0.0,<NA>,2.7452489854165933,25305.39442814133,9500,0.2,0.016840530895303255,0.40963865872182853,0.9999999999998794,0.9999999900000001,0.009395332186489684,0.10785785884145745,0.1218999999999853,0.056899999431,0.2960531904589324,56
Park_050,public_park,1842.3505270150308,526,38.66630234882224,39.18452429491543,POINT (39.18452429491543 38.66630234882224),0.0,0.0,<NA>,5.503894655027672,24645.379041922643,9500,0.2,0.033763242778659074,0.39584281897650925,0.9999999999998794,0.9999999900000001,0.018836513146213894,0.10422541423651488,0.1218999999999853,0.056899999431,0.3018619268137141,29
Park_051,public_park,2847.8297496889018,813,38.6657170002501,39.18442306666666,POINT (39.18442306666666 38.6657170002501),0.0,0.0,<NA>,5.193290015545741,24602.13209132901,9500,0.2,0.03185786113378572,0.3949388582320762,0.9999999999998794,0.9999999900000001,0.017773500726539052,0.10398740137250566,0.1218999999999853,0.056899999431,0.30056090153003,34
Park_052,public_park,2263.259927185218,646,38.67077991599016,39.168287110250375,POINT (39.168287110250375 38.67077991599016),0.0,0.0,<NA>,6.218741351724563,25646.55474323795,9500,0.2,0.03814841801962274,0.41676969404738395,0.9999999999998794,0.9999999900000001,0.021283002413147522,0.10973546044267618,0.1218999999999853,0.056899999431,0.309818462286809,13
Park_053,public_park,4911.600568305037,1403,38.670421611698885,39.169914395684216,POINT (39.169914395684216 38.670421611698885),0.0,0.0,<NA>,0.0,25558.609074286884,9500,0.2,0.0,0.4149314272728852,0.9999999999998794,0.9999999900000001,0.0,0.10925144480095066,0.1218999999999853,0.056899999431,0.28805144423193596,108
Park_054,public_park,1972.239499567654,563,38.67190878017396,39.171063829488766,POINT (39.171063829488766 38.67190878017396),0.0,0.0,<NA>,3.247307711429674,25686.654543085937,9500,0.2,0.019920373755311388,0.41760787210212846,0.9999999999998794,0.9999999900000001,0.011113576518088222,0.10995615272449041,0.1218999999999853,0.056899999431,0.29986972867356393,40
Park_055,public_park,2194.9618599908335,627,38.66557040615221,39.18565585643173,POINT (39.18565585643173 38.66557040615221),0.0,0.0,<NA>,2.9615209135527083,24541.257295199273,9500,0.2,0.018167235360694523,0.3936664349682092,0.9999999999998794,0.9999999900000001,0.010135500607731473,0.10365237232712947,0.1218999999999853,0.056899999431,0.2925878723658462,87
Park_056,public_park,1574.4114499966136,449,38.66682785012847,39.19157860005317,POINT (39.19157860005317 38.66682785012847),0.0,0.0,<NA>,1.231611603303562,24482.98539151032,9500,0.2,0.00755523209975803,0.39244841814355125,0.9999999999998794,0.9999999900000001,0.004215063988455004,0.10333166849719704,0.1218999999999853,0.056899999431,0.28634673191663734,112
Park_057,public_park,1242.8758345021952,355,38.667353183998536,39.19066767631406,POINT (39.19066767631406 38.667353183998536),0.0,0.0,<NA>,2.851684278509716,24570.919864194333,9500,0.2,0.017493450485186423,0.3942864508903149,0.9999999999998794,0.9999999900000001,0.009759596025685505,0.1038156225194199,0.1218999999999853,0.056899999431,0.29237521797609073,88
Park_058,public_park,6422.3028493604725,1834,38.66165350473143,39.19222207713319,POINT (39.19222207713319 38.66165350473143),0.0,0.0,<NA>,3.617425389065354,23890.806571401932,9500,0.2,0.022190833818581644,0.3800705186682189,0.9999999999998794,0.9999999900000001,0.012380266187386697,0.10007256756534202,0.1218999999999853,0.056899999431,0.29125283318371403,92
Park_059,public_park,4750.263362836615,1357,38.66200056367661,39.186870522448885,POINT (39.186870522448885 38.66200056367661),0.0,0.0,<NA>,3.222293760761084,24093.154498793152,9500,0.2,0.019766927488220225,0.38430005579322435,0.9999999999998794,0.9999999900000001,0.011027968845678063,0.10118620469035597,0.1218999999999853,0.056899999431,0.2910141729670193,95
Park_060,public_park,1730.783309642422,494,38.667027139135186,39.19644433291078,POINT (39.19644433291078 38.667027139135186),0.0,0.0,<NA>,2.233969553944993,24333.25636546424,9500,0.2,0.01370412428607762,0.38931873709113096,0.9999999999998794,0.9999999900000001,0.007645530939202704,0.10250762347609478,0.1218999999999853,0.056899999431,0.2889531538462828,105
Park_061,public_park,1886.1474239630027,538,38.66391948705361,39.18770237062397,POINT (39.18770237062397 38.66391948705361),0.0,0.0,<NA>,3.072439863696214,24285.242568416827,9500,0.2,0.01884765961972866,0.3883151382910707,0.9999999999998794,0.9999999900000001,0.010515109301846619,0.10224337591203891,0.1218999999999853,0.056899999431,0.29155848464487083,91
Park_062,public_park,2130.249609424548,608,38.6657182794888,39.18953465949716,POINT (39.18953465949716 38.6657182794888),0.0,0.0,<NA>,3.514575623740172,24421.610117963177,9500,0.2,0.021559909388872558,0.39116553375045776,0.9999999999998794,0.9999999900000001,0.012028273448051999,0.10299388503649552,0.1218999999999853,0.056899999431,0.29382215791553284,77
Park_063,public_park,2136.8329395795145,610,38.661990995931156,39.16545897524927,POINT (39.16545897524927 38.661990995931156),0.0,0.0,<NA>,3.080313146245229,24882.285238840737,9500,0.2,0.018895957700783783,0.40079470342586987,0.9999999999998794,0.9999999900000001,0.010542054801267272,0.10552924541203153,0.1218999999999853,0.056899999431,0.2948712996442841,66
Park_064,public_park,1622.7932902710493,463,38.67263600009202,39.17682344996868,POINT (39.17682344996868 38.67263600009202),0.0,0.0,<NA>,7.740496152292895,25569.857788252117,9500,0.2,0.04748351253024255,0.4151665512691519,0.9999999999998794,0.9999999900000001,0.026491051640622317,0.10931335294916769,0.1218999999999853,0.056899999431,0.3146044040207753,10
Park_065,public_park,1535.5371017042867,438,38.67278852807834,39.17567143234195,POINT (39.17567143234195 38.67278852807834),0.0,0.0,<NA>,3.293409103784958,25625.31052336489,9500,0.2,0.020203179404780683,0.4163256409858907,0.9999999999998794,0.9999999900000001,0.011271353789927142,0.10961854127158502,0.1218999999999853,0.056899999431,0.29968989449249744,43
Park_066,public_park,19257.005779446925,5502,38.651773945054096,39.143605411133734,POINT (39.143605411133734 38.651773945054096),0.0,0.0,<NA>,1.5180004400534737,24548.269838148164,9500,0.2,0.009312063658198607,0.3938130132461556,0.9999999999998794,0.9999999900000001,0.005195200314909002,0.10369096638771276,0.1218999999999853,0.056899999431,0.28768616613360704,109
Park_067,public_park,6054.064851195298,1729,38.66026327226461,39.1454227568755,POINT (39.1454227568755 38.66026327226461),0.0,0.0,<NA>,2.813350356235262,25355.65413262542,9500,0.2,0.017258293817856617,0.41068920215337185,0.9999999999998794,0.9999999900000001,0.009628402120982206,0.1081344669269828,0.1218999999999853,0.056899999431,0.2965628684789503,55
Park_068,public_park,1350.1853203479595,385,38.66561793466112,39.195326408253244,POINT (39.195326408253244 38.66561793466112),0.0,0.0,<NA>,3.803601548411754,24211.624919649115,9500,0.2,0.023332917972003583,0.3867763600958454,0.9999999999998794,0.9999999900000001,0.013017434936580799,0.10183821561323608,0.1218999999999853,0.056899999431,0.2936556499808022,79
Park_069,public_park,2347.6399328308257,670,38.68271561820455,39.215415663267365,POINT (39.215415663267365 38.68271561820455),0.0,0.0,<NA>,2.593905872503598,25276.86647087948,9500,0.2,0.015912127540146054,0.409042358794791,0.9999999999998794,0.9999999900000001,0.008877375954647482,0.10770085307066846,0.1218999999999853,0.056899999431,0.29537822845630124,63
Park_070,public_park,2861.091683220008,817,38.682331774520875,39.218133343258195,POINT (39.218133343258195 38.682331774520875),0.0,0.0,<NA>,1.420926977184742,25142.750319493807,9500,0.2,0.008716573537178902,0.40623902273564855,0.9999999999998794,0.9999999900000001,0.004862976376392109,0.10696273468629626,0.1218999999999853,0.056899999431,0.29062571049367364,98
Park_071,public_park,10450.029560115323,2985,38.675899697390676,39.21661672242832,POINT (39.21661672242832 38.675899697390676),0.0,0.0,<NA>,3.5339466039966974,24512.369442932748,9500,0.2,0.021678739263035252,0.39306261240774026,0.9999999999998794,0.9999999900000001,0.012094568634847366,0.103493385846958,0.1218999999999853,0.056899999431,0.29438795391279066,71
Park_072,public_park,4359.261209960701,1245,38.66050244103041,39.184603771912634,POINT (39.184603771912634 38.66050244103041),0.0,0.0,<NA>,1.4876565439686984,24047.9354038781,9500,0.2,0.009125921227324715,0.3833548726961295,0.9999999999998794,0.9999999900000001,0.005091351452724458,0.10093733798089088,0.1218999999999853,0.056899999431,0.28482868886460067,115
Park_073,public_park,2305.076451344013,658,38.69081255282588,39.231732536500296,POINT (39.231732536500296 38.69081255282588),0.0,0.0,<NA>,2.816922590058976,25556.76722549095,9500,0.2,0.01728020742729353,0.4148929283964129,0.9999999999998794,0.9999999900000001,0.009640627723687059,0.10924130804677551,0.1218999999999853,0.056899999431,0.29768193520144787,51
Park_074,public_park,1072.6341605711473,306,38.690144526953915,39.2186841571422,POINT (39.2186841571422 38.690144526953915),0.0,0.0,<NA>,5.5890372165548925,25933.72439487543,9500,0.2,0.034285543650281775,0.422772200316832,0.9999999999998794,0.9999999900000001,0.0191279048024922,0.11131592034342186,0.1218999999999853,0.056899999431,0.30924382457689936,14
Park_075,public_park,3351.034452254293,957,38.690868078888776,39.21527580038191,POINT (39.21527580038191 38.690868078888776),0.0,0.0,<NA>,6.2957193181285085,26103.204794697587,9500,0.2,0.038620633774321046,0.42631473051346047,0.9999999999998794,0.9999999900000001,0.02154645158269371,0.11224866854419413,0.1218999999999853,0.056899999431,0.3125951195578731,12
Park_076,public_park,2774.2418223202853,792,38.67489556729535,39.240064980054804,POINT (39.240064980054804 38.67489556729535),0.0,0.0,<NA>,6.622053581908238,23625.29674041301,9500,0.2,0.04062250765919369,0.37452075247244065,0.9999999999998794,0.9999999900000001,0.022663297023064157,0.09861131412599361,0.1218999999999853,0.056899999431,0.3000746105800431,39
Park_077,public_park,2418.953514249419,691,38.68000116945135,39.21772734218037,POINT (39.21772734218037 38.68000116945135),0.0,0.0,<NA>,2.4157957419232954,24911.276301446014,9500,0.2,0.014819523855475566,0.40140068331982404,0.9999999999998794,0.9999999900000001,0.008267812358969819,0.10568879991810966,0.1218999999999853,0.056899999431,0.2927566117080648,85
Park_078,public_park,1676.0177159277025,478,38.68161228989481,39.213254665617704,POINT (39.213254665617704 38.68161228989481),0.0,0.0,<NA>,4.740676330501261,25254.765868996878,9500,0.2,0.029081335293280965,0.40858040537944074,0.9999999999998794,0.9999999900000001,0.01622447696012145,0.10757922073640673,0.1218999999999853,0.056899999431,0.3026036971275135,26
Park_079,public_park,13683.83512896609,3909,38.67079595978647,39.24962370616044,POINT (39.24962370616044 38.67079595978647),0.0,0.0,<NA>,3.3928623800687747,22677.02579626682,9500,0.2,0.020813268318680266,0.35469970851840044,0.9999999999998794,0.9999999900000001,0.01161172239499172,0.09339243325289483,0.1218999999999853,0.056899999431,0.28380415507887186,116
Park_080,public_park,2248.1340341567384,642,38.67429113576062,39.24697432875507,POINT (39.24697432875507 38.67429113576062),0.0,0.0,<NA>,6.1307241375103665,23343.56124522767,9500,0.2,0.03760848279947812,0.36863183257253807,0.9999999999998794,0.9999999900000001,0.020981772553828843,0.09706076151634926,0.1218999999999853,0.056899999431,0.2968425335011634,54
Park_081,public_park,1885.2937149015938,538,38.67493547525611,39.24649722457454,POINT (39.24649722457454 38.67493547525611),0.0,0.0,<NA>,4.306831159420383,23411.36048586204,1200,0.2,0.026419943541138337,0.37004899265422164,0.0,0.9999999900000001,0.014739686501601077,0.09743389976585655,0.0,0.056899999431,0.16907358569845762,148
Park_082,public_park,3080.988460308855,880,38.67549724722435,39.24634716780005,POINT (39.24634716780005 38.67549724722435),0.0,0.0,<NA>,3.787915435392653,23497.963962956324,1200,0.2,0.023236692648789303,0.37185920453159194,0.0,0.9999999900000001,0.012963750828759552,0.09791052855316815,0.0,0.056899999431,0.1677742788129277,149
Park_083,public_park,3416.3909773458045,976,38.67933331579089,39.25156234960033,POINT (39.25156234960033 38.67933331579089),0.0,0.0,<NA>,4.280437630948653,23689.95640696258,1200,0.2,0.02625803435402073,0.3758722882340753,0.0,0.9999999900000001,0.014649357366108163,0.09896717349203202,0.0,0.056899999431,0.17051653028914018,145
Park_084,public_park,6228.396551768955,1779,38.68235071406581,39.24486328623556,POINT (39.24486328623556 38.68235071406581),0.0,0.0,<NA>,3.1537869360704365,24200.764025353288,1200,0.2,0.019346677338280948,0.3865493424227355,0.0,0.9999999900000001,0.010793511287026939,0.10177844185990624,0.0,0.056899999431,0.16947195257793318,147
Park_085,public_park,4264.498640380906,1218,38.68358108136679,39.23191767813504,POINT (39.23191767813504 38.68358108136679),0.0,0.0,<NA>,2.7209376229538837,24758.36692965823,1200,0.2,0.016691394604629768,0.3982045257259422,0.0,0.9999999900000001,0.009312129049922947,0.10484725162364059,0.0,0.056899999431,0.17105938010456354,144
Park_086,public_park,8416.914865407252,2404,38.68773184032295,39.21504326551502,POINT (39.21504326551502 38.68773184032295),0.0,0.0,<NA>,2.1566120436873994,25775.98226856686,1200,0.2,0.013229580247122607,0.41947502703712014,0.0,0.9999999900000001,0.0073807828198697014,0.11044777461887373,0.0,0.056899999431,0.17472855686974342,140
Park_087,public_park,3193.5613504176317,912,38.68080611511135,39.17580856972894,POINT (39.17580856972894 38.68080611511135),0.0,0.0,<NA>,3.921105237620599,26424.514409922045,9500,0.1,0.024053735835499992,0.4330308405509287,0.9999999999998794,0.0,0.013419579222625445,0.11401702031705953,0.1218999999999853,0.0,0.24933659953967027,122
Park_088,public_park,8379.708687475806,2394,38.66640667097629,39.156104024159795,POINT (39.156104024159795 38.66640667097629),0.0,0.0,<NA>,8.416663178624683,25615.30635251678,9500,0.2,0.05163141013727793,0.41611653080348115,0.9999999999998794,0.9999999900000001,0.028805163715587355,0.10956348256055658,0.1218999999999853,0.056899999431,0.3171686457071292,8
Park_089,public_park,3928.4620285066294,1122,38.65320489964352,39.13932488881469,POINT (39.13932488881469 38.65320489964352),0.0,0.0,<NA>,3.7085587992418634,24865.902523770168,9500,0.2,0.022749885116961032,0.4004522669972259,0.9999999999998794,0.9999999900000001,0.01269216090675256,0.10543908190036957,0.1218999999999853,0.056899999431,0.2969312422381074,53
Park_090,public_park,3927.597531969225,1122,38.652504172383914,39.13806886687936,POINT (39.13806886687936 38.652504172383914),0.0,0.0,<NA>,3.528860162377579,24811.61075856012,9500,0.2,0.021647536855643808,0.39931744422192755,0.9999999999998794,0.9999999900000001,0.012077160811763679,0.10514028306363352,0.1218999999999853,0.056899999431,0.29601744330638247,57
Park_091,public_park,5640.16354476716,1611,38.65652229562739,39.14022910245425,POINT (39.14022910245425 38.65652229562739),0.0,0.0,<NA>,4.220651764740465,25138.02221065935,9500,0.2,0.025891282291701442,0.40614019438536975,0.9999999999998794,0.9999999900000001,0.014444746390540233,0.10693671318166785,0.1218999999999853,0.056899999431,0.3001814590031934,37
Park_092,public_park,3954.588613668908,1129,38.656227083289025,39.137643824840296,POINT (39.137643824840296 38.656227083289025),0.0,0.0,<NA>,6.228338730914757,25229.346526802605,9500,0.2,0.03820729244654175,0.40804908265778006,0.9999999999998794,0.9999999900000001,0.021315848455925643,0.10743932346379348,0.1218999999999853,0.056899999431,0.3075551713507044,17
Park_093,public_park,3615.8887321501074,1033,38.66377560126612,39.177300160176635,POINT (39.177300160176635 38.66377560126612),0.0,0.0,<NA>,3.4357653707235603,24613.98201975238,9500,0.2,0.021076453604773063,0.39518654899343697,0.9999999999998794,0.9999999900000001,0.01175855346610289,0.10405261834997194,0.1218999999999853,0.056899999431,0.29461117124706016,69
Park_094,public_park,3483.9163118898214,995,38.66014352919898,39.179812172990474,POINT (39.179812172990474 38.66014352919898),0.0,0.0,<NA>,4.325246126775515,24194.239609552988,9500,0.2,0.02653290882345973,0.38641296712498907,0.9999999999998794,0.9999999900000001,0.014802709832608181,0.10174253424400961,0.1218999999999853,0.056899999431,0.2953452435076031,64
Park_095,public_park,2366.4212611896496,676,38.6599193801298,39.178472315310344,POINT (39.178472315310344 38.6599193801298),0.0,0.0,<NA>,4.387715879683516,24221.049723533386,9500,0.2,0.02691612499418149,0.3869733601760456,0.9999999999998794,0.9999999900000001,0.015016506134253852,0.1018900857343528,0.1218999999999853,0.056899999431,0.295706591299592,60
Park_096,public_park,29668.319064459753,8476,38.69169033454828,39.26282602240562,POINT (39.26282602240562 38.69169033454828),0.0,0.0,<NA>,5.9597166168497235,24492.772853072565,9500,0.1,0.03655944956048478,0.3926529986034096,0.9999999999998794,0.0,0.020396516909794455,0.10338553453227774,0.1218999999999853,0.0,0.2456820514420575,126
Park_097,public_park,9661.13208357051,2760,38.67611963239212,39.25215175620494,POINT (39.25215175620494 38.67611963239212),0.0,0.0,<NA>,4.348301461030069,23327.2061869777,9500,0.2,0.026674340100140973,0.3682899742350611,0.9999999999998794,0.9999999900000001,0.014881614341868648,0.09697075021609158,0.1218999999999853,0.056899999431,0.2906523639889455,97
Park_098,public_park,2661.262810711215,760,38.68570703386804,39.24718733883174,POINT (39.24718733883174 38.68570703386804),0.0,0.0,<NA>,2.261046796495476,24513.857706902323,9500,0.2,0.013870227667648248,0.3930937205480226,0.9999999999998794,0.9999999900000001,0.007738200015780957,0.10350157662029434,0.1218999999999853,0.056899999431,0.2900397760670606,103
Park_099,public_park,7644.398182738535,2184,38.67808060082088,39.259089089490494,POINT (39.259089089490494 38.67808060082088),0.0,0.0,<NA>,2.900570388917222,23274.602450499373,1200,0.2,0.017793338785680186,0.36719043514307464,0.0,0.9999999900000001,0.009926903708530974,0.09668124157317155,0.0,0.056899999431,0.16350814471270253,153
Park_100,public_park,2017.9531916606684,576,38.68010103328613,39.251211103142296,POINT (39.251211103142296 38.68010103328613),0.0,0.0,<NA>,3.1251649774345713,23784.226659247095,1200,0.2,0.019171098007862496,0.37784275334810685,0.0,0.9999999900000001,0.010695555578586485,0.09948599695655652,0.0,0.056899999431,0.167081551966143,150
Park_101,public_park,3948.9180965443084,1128,38.661521905184955,39.152392712790004,POINT (39.152392712790004 38.661521905184955),0.0,0.0,<NA>,4.102653750808038,25251.78150236646,1200,0.2,0.0251674320290223,0.4085180252521979,0.0,0.9999999900000001,0.014040910328991539,0.10756279604890369,0.0,0.056899999431,0.1785037058088952,137
Park_102,public_park,2328.937273623499,665,38.65453919896412,39.167293583549835,POINT (39.167293583549835 38.65453919896412),0.0,0.0,<NA>,4.0299171870212085,24044.27238688894,1200,0.2,0.02472123485121534,0.38327830721535133,0.0,0.9999999900000001,0.013791976923493036,0.100917178289802,0.0,0.056899999431,0.17160915464429502,143
Park_103,public_park,39067.02355620713,11162,38.64701010131209,39.12908719882413,POINT (39.12908719882413 38.64701010131209),0.0,0.0,<NA>,1.136205275283995,24508.411844848677,9500,0.1,0.00696996889661832,0.3929798895044804,0.9999999999998794,0.0,0.0038885456474233608,0.10347160490652968,0.1218999999999853,0.0,0.22926015055393834,129
Park_104,public_park,3129.211644568654,894,38.66462993125777,39.25573372243936,POINT (39.25573372243936 38.66462993125777),0.0,0.0,<NA>,7.193215840590072,22055.179911092604,9500,0.2,0.044126261130976854,0.34170169914274146,0.9999999999998794,0.9999999900000001,0.024618041084971985,0.08997005738428382,0.1218999999999853,0.056899999431,0.2933880979002411,81
Park_105,public_park,2630.276489558503,751,38.667835803097795,39.26601607244394,POINT (39.26601607244394 38.667835803097795),0.0,0.0,<NA>,4.682085527404903,22040.040139279747,9500,0.1,0.028721914258989928,0.34138524308721296,0.9999999999998794,0.0,0.01602395596509048,0.08988673450486316,0.1218999999999853,0.0,0.22781069046993893,130
Park_106,public_park,3386.788934877503,967,38.658476242785866,39.14089328727809,POINT (39.14089328727809 38.658476242785866),0.0,0.0,<NA>,2.251646716623514,25348.415666530836,3000,0.2,0.01381256355909451,0.41053790156201003,0.21686746987949193,0.9999999900000001,0.007706029209618826,0.10809462948127724,0.026436144578310065,0.056899999431,0.19913680270020612,133
Park_107,public_park,3483.3159006322235,995,38.66129231361063,39.15012027584564,POINT (39.15012027584564 38.66129231361063),0.0,0.0,<NA>,2.864682624401301,25313.84494311444,3000,0.2,0.01757318789579578,0.4098152939227173,0.21686746987949193,0.9999999900000001,0.009804081527064464,0.10790436688985146,0.026436144578310065,0.056899999431,0.201044592426226,131
Park_108,public_park,1696.605441611568,484,38.65557790355014,39.166806312931996,POINT (39.166806312931996 38.65557790355014),0.0,0.0,<NA>,3.9127800684037517,24176.51584230674,9500,0.2,0.02400266568843875,0.38604249962117315,0.9999999999998794,0.9999999900000001,0.013391087187579977,0.10164499015025488,0.1218999999999853,0.056899999431,0.2938360767688202,76
Park_109,public_park,3743.381226016573,1069,38.658889458824206,39.17342885099648,POINT (39.17342885099648 38.658889458824206),0.0,0.0,<NA>,3.995692331690177,24255.306382232542,9500,0.2,0.024511284957179753,0.3876894031403335,0.9999999999998794,0.9999999900000001,0.013674845877610583,0.10207861984684981,0.1218999999999853,0.056899999431,0.29455346515544567,70
Park_110,public_park,2715.9109183037417,775,38.66063518535767,39.18186609666812,POINT (39.18186609666812 38.66063518535767),0.0,0.0,<NA>,4.437151951270277,24175.460938671873,9500,0.2,0.027219386991662178,0.3860204497087055,0.9999999999998794,0.9999999900000001,0.015185696002648328,0.10163918440830216,0.1218999999999853,0.056899999431,0.2956248798419358,61
Park_111,public_park,4835.111089020742,1381,38.66458102624884,39.19103002651446,POINT (39.19103002651446 38.66458102624884),0.0,0.0,<NA>,3.3931375550774203,24229.972296254415,9500,0.2,0.020814956359823104,0.3871598624696974,0.9999999999998794,0.9999999900000001,0.011612664153145309,0.10193919178827132,0.1218999999999853,0.056899999431,0.29235185537240194,89
Park_112,public_park,3508.410101061025,1002,38.66350336343699,39.19669119587742,POINT (39.19669119587742 38.66350336343699),0.0,0.0,<NA>,4.031636067553507,23964.51437305969,9500,0.2,0.02473177919923742,0.3816111812662167,0.9999999999998794,0.9999999900000001,0.013797859615254556,0.10047822402739484,0.1218999999999853,0.056899999431,0.2930760830736347,82
Park_113,public_park,2202.3418842387837,629,38.661861905914655,39.226186885146404,POINT (39.226186885146404 38.661861905914655),0.0,0.0,<NA>,3.956181119464803,22787.613855940323,9500,0.2,0.024268906289988904,0.3570112533412297,0.9999999999998794,0.9999999900000001,0.013539622819184808,0.09400106300474577,0.1218999999999853,0.056899999431,0.28634068525491585,113
Park_114,public_park,15097.941572297368,4313,38.67725619721643,39.25478744920327,POINT (39.25478744920327 38.67725619721643),0.0,0.0,<NA>,4.995564840003459,23322.376192643893,9500,0.2,0.03064493037770941,0.368189016243488,0.9999999999998794,0.9999999900000001,0.01709680665772408,0.09694416797691038,0.1218999999999853,0.056899999431,0.29284097406561976,84
Park_115,public_park,6194.380575133588,1769,38.67592881559463,39.25438241588349,POINT (39.25438241588349 38.67592881559463),0.0,0.0,<NA>,6.0372517316147984,23235.338175047702,1200,0.2,0.03703508310141621,0.3663697214700939,0.0,0.9999999900000001,0.020661872862280103,0.0964651476630757,0.0,0.056899999431,0.1740270199563558,141
Park_116,public_park,4317.348866847881,1233,38.67877899296636,39.25455996351083,POINT (39.25455996351083 38.67877899296636),0.0,0.0,<NA>,5.131442634680309,23504.427691703793,1200,0.2,0.031478462859242745,0.3719943113303412,0.0,0.9999999900000001,0.017561834429171527,0.09794610217327883,0.0,0.056899999431,0.17240793603345037,142
Park_117,public_park,6235.164705218063,1781,38.68064328357333,39.258805212554066,POINT (39.258805212554066 38.68064328357333),0.0,0.0,<NA>,2.5413036718357573,23553.077685092503,1200,0.2,0.015589443153333217,0.3730112080973192,0.0,0.9999999900000001,0.0086973503352446,0.09821385109202413,0.0,0.056899999431,0.16381120085826872,152
Park_118,public_park,3403.0521061552477,972,38.6805079615717,39.262174816069766,POINT (39.262174816069766 38.6805079615717),0.0,0.0,<NA>,2.120406128548766,23455.275259801423,1200,0.1,0.013007477685306211,0.3709669124427142,0.0,0.0,0.0072568718006323345,0.09767558804616663,0.0,0.0,0.10493245984679897,156
Park_119,public_park,3130.1667321773966,894,38.64607070047583,39.124843852288514,POINT (39.124843852288514 38.64607070047583),0.0,0.0,<NA>,2.613314854820346,24628.295098626517,1200,0.1,0.016031190535192377,0.3954857252649796,0.0,0.0,0.008943801199583826,0.10413139146226912,0.0,0.0,0.11307519266185294,155
Park_120,public_park,1994.151910115142,569,38.66231832107644,39.223613018093964,POINT (39.223613018093964 38.66231832107644),0.0,0.0,<NA>,2.4112574019168793,22924.11908315419,9500,0.2,0.014791683737694832,0.35986452658055523,0.9999999999998794,0.9999999900000001,0.008252280357259946,0.09475232984866018,0.1218999999999853,0.056899999431,0.2818046096369054,119
Park_121,public_park,2007.0972820455977,573,38.64789038329305,39.23348851850296,POINT (39.23348851850296 38.64789038329305),0.0,0.0,<NA>,163.01439678278732,21115.738766536062,9500,0.1,0.9999999999938657,0.3220652183105096,0.9999999999998794,0.0,0.5578999999965776,0.08479977198115717,0.1218999999999853,0.0,0.76459977197772,1
Park_122,public_park,3287.59600038878,939,38.67195340285391,39.1581834128446,POINT (39.1581834128446 38.67195340285391),0.0,0.0,<NA>,2.2739779904077753,26128.90437934975,1200,0.2,0.013949553139308584,0.4268519109471073,0.0,0.9999999900000001,0.007782455696420258,0.11239010815237334,0.0,0.056899999431,0.1770725632797936,138
Park_123,public_park,2961.5906415702702,846,38.67964394408823,39.17001611622321,POINT (39.17001611622321 38.67964394408823),0.0,0.0,<NA>,4.044423302734607,26516.05467764546,9500,0.2,0.02481022156649693,0.4349442427080982,0.9999999999998794,0.9999999900000001,0.013841622611948635,0.11452081910504225,0.1218999999999853,0.056899999431,0.3071624411479762,18
Park_124,public_park,4443.202396497821,1269,38.680455682131104,39.17387791168803,POINT (39.17387791168803 38.680455682131104),0.0,0.0,<NA>,3.2332465462423254,26461.536836818992,9500,0.2,0.019834116556776964,0.43380469443239544,0.9999999999998794,0.9999999900000001,0.011065453627025866,0.1142207760440497,0.1218999999999853,0.056899999431,0.3040862291020609,22
Park_125,public_park,7519.570020130551,2148,38.72110849623228,39.854395412981766,POINT (39.854395412981766 38.72110849623228),0.0,0.0,<NA>,2.7114049997570366,6212.578590078641,9500,0.2,0.01663291741865772,0.010554890238995217,0.9999999999998794,0.9999999900000001,0.009279504627869141,0.0027791025999274405,0.1218999999999853,0.056899999431,0.19085860665878188,135
Park_126,public_park,20457.74828206263,5845,38.6791184006348,39.168458606074275,POINT (39.168458606074275 38.6791184006348),0.0,0.0,<NA>,2.048405723912501,26431.556338589908,9500,0.2,0.012565796422443508,0.43317803305799496,0.9999999999998794,0.9999999900000001,0.007010457824081232,0.11405577610417006,0.1218999999999853,0.056899999431,0.29986623335923657,41
Park_127,public_park,2657.3671032213956,759,38.6745689047811,39.15974977313904,POINT (39.15974977313904 38.6745689047811),0.0,0.0,<NA>,2.7160907142519504,26343.402068703967,9500,0.2,0.016661661594554823,0.4313354060441315,0.9999999999998794,0.9999999900000001,0.009295541003602135,0.11357061241141982,0.1218999999999853,0.056899999431,0.30166615284600723,30
Park_128,public_park,6765.614101011532,1933,38.658618280979155,39.183373942774054,POINT (39.183373942774054 38.658618280979155),0.0,0.0,<NA>,3.591944300783006,23896.172242062854,9500,0.2,0.022034521929662133,0.38018267352719626,0.9999999999998794,0.9999999900000001,0.012293059784558504,0.10010209793971077,0.1218999999999853,0.056899999431,0.29119515715525457,93
Park_129,public_park,2466.8489733526926,704,38.659045003857365,39.186415726420755,POINT (39.186415726420755 38.659045003857365),0.0,0.0,<NA>,2.8998190162170845,23855.181115238225,9500,0.2,0.01778872954431892,0.37932586468840157,0.9999999999998794,0.9999999900000001,0.009924332212775524,0.09987650017245613,0.1218999999999853,0.056899999431,0.28860083181621693,107
Park_130,public_park,2501.0713892271215,714,38.65773614001591,39.177892526007525,POINT (39.177892526007525 38.65773614001591),0.0,0.0,<NA>,4.3155938330958605,24016.54180419852,9500,0.2,0.026473697527585924,0.38269867425098497,0.9999999999998794,0.9999999900000001,0.014769675850640186,0.10076456093028434,0.1218999999999853,0.056899999431,0.29433423621190985,72
Park_131,public_park,1887.9972334039217,539,38.657161327759695,39.17657485736739,POINT (39.17657485736739 38.657161327759695),0.0,0.0,<NA>,6.793775779235762,24000.54581279886,9500,0.2,0.04167592503039241,0.38236432123660824,0.9999999999998794,0.9999999900000001,0.023250998574455926,0.10067652578159894,0.1218999999999853,0.056899999431,0.30272752378704015,25
Park_132,public_park,1816.560644937314,519,38.66279201531794,39.179557298932856,POINT (39.179557298932856 38.66279201531794),0.0,0.0,<NA>,3.163896969145523,24467.19420366928,9500,0.2,0.019408696603294064,0.39211834599464074,0.9999999999998794,0.9999999900000001,0.010828111834977757,0.1032447605003889,0.1218999999999853,0.056899999431,0.29287287176635196,83
Park_133,public_park,2286.0591931238923,653,38.66214149717126,39.179476495407826,POINT (39.179476495407826 38.66214149717126),0.0,0.0,<NA>,3.206352593960609,24396.167133272746,9500,0.2,0.019669137556073198,0.3906337168462447,0.9999999999998794,0.9999999900000001,0.010973411842533237,0.10285385764561622,0.1218999999999853,0.056899999431,0.29262726891913476,86
Park_134,public_park,3613.0143264984094,1032,38.66072599901564,39.18827050356982,POINT (39.18827050356982 38.66072599901564),0.0,0.0,<NA>,6.349533986172305,23935.03426261958,9500,0.2,0.03895075595435876,0.3809949791476023,0.9999999999998794,0.9999999900000001,0.02173062674693675,0.10031597800956367,0.1218999999999853,0.056899999431,0.3008466041874857,32
Park_135,public_park,3116.3298575860913,890,38.66416962247028,39.188877098095425,POINT (39.188877098095425 38.66416962247028),0.0,0.0,<NA>,4.186340902954833,24287.244721769697,9500,0.2,0.0256808047973048,0.3883569879015169,0.9999999999998794,0.9999999900000001,0.014327320996416346,0.10225439491446939,0.1218999999999853,0.056899999431,0.295381715341871,62
Park_136,public_park,43279.11639069362,12365,38.670413752600275,39.190646193623586,POINT (39.190646193623586 38.670413752600275),9500.0,93.6958451817441,131.96956573704318,3.5425550008090516,24786.061251103944,9500,0.2,0.02173154684924969,0.3987834007468858,0.9999999999998794,0.9999999900000001,0.0121240299871964,0.10499966941665502,0.1218999999999853,0.056899999431,0.2959236988348367,59
Park_137,public_park,4586.866650710358,1310,38.65610418278559,39.20713535263113,POINT (39.20713535263113 38.65610418278559),0.0,0.0,<NA>,8.352544438754455,22820.540378766378,9500,0.1,0.05123807837557304,0.35769949340617924,0.9999999999998794,0.0,0.028585723925732196,0.09418227661384698,0.1218999999999853,0.0,0.24466800053956447,127
Park_138,public_park,2546.6797668379295,727,38.67798185045574,39.17117331594348,POINT (39.17117331594348 38.67798185045574),0.0,0.0,<NA>,3.3594020782252376,26298.703413804717,9500,0.2,0.020608008522590496,0.43040110134048776,0.9999999999998794,0.9999999900000001,0.011497207954753237,0.11332460998295042,0.1218999999999853,0.056899999431,0.303621817368689,23
Park_139,public_park,4209.634858083696,1202,38.68157838110295,39.172647800857106,POINT (39.172647800857106 38.68157838110295),0.0,0.0,<NA>,4.336110698977869,26608.409940386577,9500,0.2,0.026599556754051797,0.4368746801357965,0.9999999999998794,0.9999999900000001,0.014839892713085496,0.11502910327975521,0.1218999999999853,0.056899999431,0.308668995423826,15
Park_140,public_park,3740.8322562364556,1068,38.66648793645498,39.16343620714751,POINT (39.16343620714751 38.66648793645498),0.0,0.0,<NA>,1.9888926442372463,25398.916437842498,9500,0.2,0.012200717749335946,0.41159348384475375,0.9999999999998794,0.9999999900000001,0.006806780432354524,0.10837256429632365,0.1218999999999853,0.056899999431,0.2939793441596635,74
Park_141,public_park,4729.986375192744,1351,38.658156186742545,39.1802152990228,POINT (39.1802152990228 38.658156186742545),0.0,0.0,<NA>,3.201473420103987,23935.168302729377,9500,0.2,0.01963920661774575,0.38099778089421726,0.9999999999998794,0.9999999900000001,0.010956713372040353,0.10031671570944739,0.1218999999999853,0.056899999431,0.29007342851247303,101
Park_142,public_park,2215.279250466866,632,38.65897131309721,39.17982038765018,POINT (39.17982038765018 38.65897131309721),0.0,0.0,<NA>,4.320438118134265,24079.384672503984,9500,0.2,0.026503414442987143,0.38401223475030205,0.9999999999998794,0.9999999900000001,0.014786254917742526,0.10111042140975453,0.1218999999999853,0.056899999431,0.29469667575848235,68
Park_143,public_park,2318.324202058235,662,38.66740981116912,39.176882561841964,POINT (39.176882561841964 38.66740981116912),0.0,0.0,<NA>,1.9250303434259364,25007.986975064927,9500,0.2,0.011808959094448469,0.4034221588532237,0.9999999999998794,0.9999999900000001,0.0065882182787928,0.10622105442605378,0.1218999999999853,0.056899999431,0.2916092721358319,90
Park_144,public_park,18143.59345430138,5183,38.68558954219695,39.2479294763325,POINT (39.2479294763325 38.68558954219695),0.0,0.0,<NA>,2.7636214654207243,24267.776297402346,9500,0.2,0.016953235542049878,0.38795005305079383,0.9999999999998794,0.9999999900000001,0.009458210108909626,0.10214724896827401,0.1218999999999853,0.056899999431,0.29040545850816896,100
Park_145,public_park,6855.2323412235355,1958,38.67409261230542,39.25187406473614,POINT (39.25187406473614 38.67409261230542),0.0,0.0,<NA>,5.664239962125691,23143.683829017264,9500,0.2,0.034746869441466606,0.3644539348139037,0.9999999999998794,0.9999999900000001,0.019385278461394217,0.09596072103650084,0.1218999999999853,0.056899999431,0.2941459989288804,73
Park_146,public_park,6678.389637883185,1908,38.6749603413551,39.25421606962019,POINT (39.25421606962019 38.6749603413551),0.0,0.0,<NA>,2.6822897170216002,23140.03888942605,1200,0.2,0.016454311827311986,0.3643777471923244,0.0,0.9999999900000001,0.009179860568457356,0.095940660835739,0.0,0.056899999431,0.16202052083519636,154
Park_147,public_park,853.7647195845711,243,38.63965987039494,39.15623717421223,POINT (39.15623717421223 38.63965987039494),0.0,0.0,<NA>,93.77541989514035,22909.668448301036,1200,0.2,0.5752585154765105,0.3595624750726436,0.0,0.9999999900000001,0.3209367257843452,0.09467279968662705,0.0,0.056899999431,0.47250952490197223,4
Park_148,public_park,820.6514787613966,234,38.639374924639036,39.15343855244497,POINT (39.15343855244497 38.639374924639036),0.0,0.0,<NA>,83.96873995237443,22967.99899281814,1200,0.2,0.5151001482632581,0.36078171762549605,0.0,0.9999999900000001,0.2873743727160717,0.0949938262507931,0.0,0.056899999431,0.4392681983978648,6
Park_149,public_park,1994.4997948774267,569,38.637679828715875,39.160346776841195,POINT (39.160346776841195 38.637679828715875),0.0,0.0,<NA>,58.32075076509601,22571.411786072946,9500,0.2,0.35776441784126106,0.35249213277104896,0.9999999999998794,0.9999999900000001,0.19959676871363952,0.09281117855861719,0.1218999999999853,0.056899999431,0.471207946703242,5
Park_150,public_park,566.8094146568371,161,38.63325794895553,39.15204742102906,POINT (39.15204742102906 38.63325794895553),0.0,0.0,<NA>,112.4901448511942,22404.54949424182,9500,0.2,0.6900626390710417,0.34900432705362866,0.9999999999998794,0.9999999900000001,0.38498594633773414,0.09189283931322041,0.1218999999999853,0.056899999431,0.6556787850819399,2
Park_151,public_park,16401.692161305535,4686,38.70514932593861,39.254758474142655,POINT (39.254758474142655 38.70514932593861),0.0,0.0,<NA>,4.347529826483576,26221.377056741036,9500,0.1,0.02666960656395204,0.4287848026110723,0.9999999999998794,0.0,0.014878973502028842,0.11289903852749533,0.1218999999999853,0.0,0.24967801202950948,121
Park_152,public_park,13963.12957845797,3989,38.67927841417643,39.26224597888558,POINT (39.26224597888558 38.67927841417643),0.0,0.0,<NA>,4.546524541703608,23285.106094094866,9500,0.1,0.02789032521915135,0.36740998545479625,0.9999999999998794,0.0,0.015560012439764537,0.09673904917024785,0.1218999999999853,0.0,0.2341990616099977,128
Park_153,public_park,11892.106863480894,3397,38.68105713677173,39.26754128107692,POINT (39.26754128107692 38.68105713677173),0.0,0.0,<NA>,8.348896408662302,23309.046627797128,9500,0.1,0.05121569979942193,0.36791039767740524,0.9999999999998794,0.0,0.02857323891809749,0.0968708077084608,0.1218999999999853,0.0,0.24734404662654358,124
Park_154,public_park,7383.125193634609,2109,38.68215028899916,39.27423541744778,POINT (39.27423541744778 38.68215028899916),0.0,0.0,<NA>,27.697564825046197,23207.636815654,1200,0.2,0.16990870359617755,0.36579069933984865,0.0,0.9999999900000001,0.09479206573630744,0.09631269113618214,0.0,0.056899999431,0.24800475630348956,123
Park_155,public_park,4260.855050939611,1217,38.5764149645095,38.836000162047455,POINT (38.836000162047455 38.5764149645095),9500.0,459.0436890214712,2.651163776141308,4.245650948468832,27413.625703722228,9500,0.2,0.02604463797206828,0.4537055417540783,0.9999999999998794,0.9999999900000001,0.014530303524616891,0.1194606691438488,0.1218999999999853,0.056899999431,0.31279097209945095,11
Park_156,public_park,3801.4435945255336,1086,38.70182130080538,39.25067000488746,POINT (39.25067000488746 38.70182130080538),0.0,0.0,<NA>,3.9757632352906667,26014.408577862072,9500,0.1,0.024389031359996288,0.42445868533173875,0.9999999999998794,0.0,0.013606640595741928,0.1117599718478468,0.1218999999999853,0.0,0.24726661244357404,125
